,screen_porch,misc_val,mo_sold,yr_sold,saleprice,total_sf
0,0,0,3,2010,130500,2204.0
1,0,0,4,2009,220000,3035.0
2,0,0,1,2010,109000,2114.0
3,0,0,4,2010,174000,1828.0
4,0,0,3,2010,138500,2121.0
5,0,0,6,2010,190000,3405.0
6,0,0,6,2006,140000,1619.0
7,0,0,5,2010,142000,2376.0
8,0,400,6,2007,112500,1848.0
9,0,0,9,2007,135000,3120.0
10,0,0,7,2008,85400,1470.0
11,0,0,2,2006,183600,2416.0
12,0,0,6,2009,131000,2016.0
13,0,0,12,2008,200000,2567.0
14,0,0,6,2008,193000,2712.0
15,0,0,3,2010,173500,2860.0
16,0,0,5,2008,98000,1968.0
17,0,0,6,2009,139000,2242.0
18,0,0,4,2007,143500,1945.0
19,0,0,6,2010,215200,2303.0
20,0,0,5,2007,129000,1788.0
21,0,0,10,2009,278000,3160.0
22,0,0,7,2006,344133,3462.0
23,0,500,3,2010,185000,2355.0
24,0,0,1,2006,145000,2112.0
25,288,0,4,2009,187500,2906.0
26,0,0,4,2010,138500,1788.0
27,0,0,7,2008,198000,2880.0
28,0,0,6,2007,119600,2948.0
29,0,2000,7,2007,122900,1596.0
30,0,0,7,2009,278000,5048.0
31,0,0,6,2006,230000,2309.0
32,216,0,4,2006,270000,2988.0
33,0,0,4,2007,125000,1896.0
34,0,0,9,2009,297000,3423.0
35,0,0,4,2009,113500,1302.0
36,0,0,7,2006,127000,2232.0
37,0,0,1,2010,190000,3688.0
38,0,0,9,2007,175500,2484.0
39,0,0,7,2007,146000,1980.0
40,0,0,6,2008,147500,2512.0
41,0,0,9,2006,465000,4152.0
42,0,0,7,2009,165500,2207.0
43,0,0,11,2008,131500,2845.0
44,0,0,2,2008,129500,2080.0
45,0,0,6,2008,257076,2481.0
46,0,0,7,2009,117000,2588.0
47,0,0,2,2008,149000,2278.0
48,0,0,2,2010,128000,2119.0
49,0,0,10,2008,155000,2390.0
50,0,0,6,2006,166000,2280.0
51,0,0,12,2009,135000,3103.0
52,440,2000,7,2006,250000,4176.0
53,0,0,3,2010,76000,1638.0
54,0,0,6,2006,155000,1791.0
55,0,0,3,2010,158000,2015.0
56,0,0,2,2010,149500,1800.0
57,0,0,3,2006,121000,1872.0
58,0,0,6,2007,136000,2080.0
59,0,0,11,2008,173000,2552.0
60,0,0,4,2010,290000,3422.0
61,0,0,8,2007,303477,3794.0
62,0,0,4,2010,270000,2903.0
63,0,0,6,2008,122250,2676.0
64,0,0,7,2009,153000,2764.0
65,0,0,12,2007,147000,2240.0
66,0,0,6,2007,148500,1629.0
67,0,0,4,2006,130000,2684.0
68,0,0,6,2007,372000,3604.0
69,0,0,4,2006,213490,2868.0
70,0,0,1,2010,308030,3016.0
71,0,0,9,2008,300000,3872.0
72,0,0,7,2006,159500,1849.0
73,0,0,4,2006,137500,2679.0
74,0,0,4,2006,232000,3232.0
75,0,0,7,2008,93850,1536.0
76,0,0,4,2006,105000,1744.0
77,0,0,5,2008,68500,1040.0
78,0,0,1,2010,154300,3379.0
79,0,0,9,2007,129850,2537.0
80,0,0,6,2007,114000,1848.0
81,0,0,7,2009,501837,4450.0
82,0,0,6,2008,153900,2292.0
83,0,0,7,2009,130000,1728.0
84,0,0,4,2008,160500,2378.0
85,0,0,6,2006,310090,3332.0
86,0,0,8,2009,184900,2376.0
87,0,0,6,2007,132000,1856.0
88,0,650,8,2009,163000,2624.0
89,0,0,4,2010,155000,1800.0
90,216,0,5,2008,183000,2854.0
91,0,0,6,2007,211000,2852.0
92,0,0,10,2009,184000,2294.0
93,0,0,6,2009,118858,1535.0
94,0,0,4,2010,180500,2304.0
95,0,0,2,2007,166000,2292.0
96,140,0,3,2009,148000,2276.0
97,0,0,1,2007,124000,1968.0
98,0,0,8,2007,277500,3122.0
99,0,0,6,2006,350000,4068.0
100,0,0,9,2008,387000,3768.0
101,0,0,7,2007,86000,1133.0
102,0,0,5,2008,290000,3097.0
103,0,0,9,2009,44000,1042.0
104,0,0,6,2009,215000,2765.0
105,0,0,7,2006,146500,2346.0
106,0,0,4,2006,165000,2055.0
107,0,0,8,2007,136000,3240.0
108,0,0,10,2006,252000,3095.0
109,0,0,6,2010,175500,2390.0
110,182,0,10,2009,150000,2248.0
111,0,600,8,2007,139900,2400.0
112,0,0,6,2008,162900,2651.0
113,385,0,2,2010,160000,2232.0
114,0,0,6,2009,63900,660.0
115,0,0,5,2009,184000,2847.0
116,100,0,11,2006,149900,2932.0
117,0,0,7,2008,300000,3252.0
118,0,0,12,2008,145000,2709.0
119,0,0,8,2009,231500,2692.0
120,0,0,7,2008,108000,1992.0
121,0,0,11,2009,120000,2404.0
122,0,0,10,2007,128500,1976.0
123,0,0,3,2010,115000,2036.0
124,0,0,4,2009,110000,2004.0
125,0,0,6,2008,150000,3938.0
126,0,0,10,2006,178000,2121.0
127,104,0,5,2006,199500,2246.0
128,0,0,5,2006,183500,2338.0
129,100,0,7,2008,126000,2280.0
130,0,0,9,2008,148500,2110.0
131,0,0,8,2009,149000,2028.0
132,0,0,5,2009,137900,2311.0
133,0,0,5,2008,324000,3438.0
134,0,0,4,2008,98000,1728.0
135,0,0,2,2008,103400,1470.0
136,0,0,5,2010,94000,1800.0
137,0,0,8,2007,209500,3108.0
138,0,0,9,2006,545224,4918.0
139,168,0,5,2010,159900,2340.0
140,0,0,6,2010,141000,1728.0
141,0,0,4,2006,215000,2871.0
142,0,0,4,2010,127000,2080.0
143,0,0,6,2010,128000,2344.0
144,0,0,4,2010,267916,3060.0
145,120,0,11,2007,127500,2251.0
146,0,0,7,2009,198500,1922.0
147,0,0,6,2008,175500,2844.0
148,0,0,7,2007,217500,2827.0
149,0,0,6,2010,149500,2850.0
150,0,1200,7,2009,148800,1984.0
151,0,0,7,2006,556581,4860.0
152,216,0,6,2009,156500,2956.0
153,0,0,7,2006,237000,2925.0
154,0,480,6,2007,120000,1824.0
155,0,2000,6,2007,203000,2652.0
156,0,0,8,2006,130000,2395.0
157,189,0,6,2008,167900,2391.0
158,0,0,5,2006,129000,1920.0
159,0,0,5,2006,134450,2306.0
160,0,0,8,2007,112000,2232.0
161,144,0,5,2007,207000,2802.0
162,0,0,9,2009,62500,3168.0
163,0,0,10,2008,154000,2390.0
164,0,0,7,2006,129900,1632.0
165,0,0,4,2010,85000,1648.0
166,0,0,8,2008,116900,1683.0
167,0,0,4,2009,148500,2296.0
168,0,0,7,2010,80000,1596.0
169,0,0,3,2008,152000,2186.0
170,0,0,1,2010,155891,1373.0
171,0,0,2,2007,165000,2144.0
172,0,0,4,2010,204500,2436.0
173,0,0,6,2007,146500,2372.0
174,0,0,4,2009,157000,2872.0
175,0,0,12,2008,184000,3808.0
176,0,0,6,2006,183200,2292.0
177,0,0,9,2009,139000,2184.0
178,0,0,8,2008,341000,3729.0
179,0,0,2,2010,96000,1470.0
180,0,0,3,2010,140000,2242.0
181,0,0,4,2010,149700,2148.0
182,0,0,7,2006,153500,2130.0
183,0,0,2,2008,13100,733.0
184,0,0,7,2008,224900,2652.0
185,0,0,4,2006,176000,2523.0
186,0,0,4,2007,285000,4555.0
187,0,0,8,2007,282922,2949.0
188,0,0,5,2006,226000,3081.0
189,0,0,7,2006,361919,3810.0
190,0,0,3,2006,457347,4196.0
191,0,0,5,2007,279000,2709.0
192,0,0,5,2009,196000,3134.0
193,0,0,6,2009,152000,2460.0
194,0,0,8,2009,200000,3882.0
195,0,0,8,2006,294900,3160.0
196,0,0,2,2009,224243,2900.0
197,0,0,5,2006,92000,2170.0
198,0,0,7,2007,179540,2184.0
199,0,0,6,2009,386250,4784.0
200,0,0,7,2007,106500,1522.0
201,0,0,4,2009,310000,3024.0
202,0,0,5,2007,252000,3451.0
203,126,0,8,2007,164000,2564.0
204,0,0,7,2007,177594,2184.0
205,0,0,5,2010,123900,1568.0
206,0,0,11,2007,239000,3994.0
207,0,0,6,2010,169000,2332.0
208,0,0,10,2006,234000,2931.0
209,120,0,11,2009,173000,2244.0
210,0,700,3,2010,149000,2008.0
211,0,0,3,2008,170000,2324.0
212,0,0,10,2009,225000,2872.0
213,0,0,5,2008,144900,1920.0
214,0,0,6,2010,144000,2392.0
215,144,0,4,2010,192000,2525.0
216,0,0,3,2009,145500,2062.0
217,0,0,3,2006,86900,1168.0
218,0,0,2,2009,149500,3010.0
219,0,0,6,2007,119750,1874.0
220,0,0,8,2006,173900,2250.0
221,0,0,1,2006,136500,2100.0
222,0,0,12,2006,270000,4749.0
223,0,0,3,2008,235000,2854.0
224,0,0,3,2009,156000,1814.0
225,0,0,6,2009,153000,2228.0
226,0,0,6,2009,165000,2448.0
227,0,0,6,2008,325000,3626.0
228,144,0,10,2007,140000,2083.0
229,0,0,4,2007,202500,3035.0
230,224,0,10,2008,367294,3404.0
231,0,0,8,2008,175000,2970.0
232,0,0,2,2006,140000,2473.0
233,0,0,7,2007,174000,2505.0
234,0,0,7,2008,190000,2022.0
235,0,0,3,2009,129000,1968.0
236,201,0,7,2007,200000,3244.0
237,252,0,6,2009,193500,3038.0
238,0,0,7,2008,145000,2184.0
239,0,0,2,2006,218000,2693.0
240,348,0,4,2006,135000,1488.0
241,0,0,7,2006,146500,3068.0
242,0,0,6,2007,194700,2724.0
243,0,0,4,2008,230348,2436.0
244,0,0,3,2010,109500,2192.0
245,0,0,9,2006,242500,3250.0
246,0,0,6,2006,239000,2831.0
247,0,0,6,2006,156000,2100.0
248,0,0,7,2008,109008,1814.0
249,0,0,3,2007,68104,845.0
250,0,0,6,2008,290000,3743.0
251,0,0,4,2010,159000,2418.0
252,0,0,9,2008,87000,1254.0
253,0,2000,5,2010,272000,3182.0
254,0,0,9,2006,198000,2672.0
255,0,0,5,2008,119164,2457.0
256,0,0,4,2006,93000,1124.0
257,0,0,7,2008,226750,2874.0
258,0,0,8,2009,95000,2677.0
259,0,0,3,2010,139900,2196.0
260,0,450,5,2010,76500,2034.0
261,0,0,7,2008,86900,1344.0
262,0,500,2,2008,152500,2273.0
263,0,3000,5,2008,99000,1841.0
264,0,0,12,2009,82500,1128.0
265,0,0,7,2007,179200,3150.0
266,0,0,6,2006,142500,2118.0
267,0,0,7,2007,115400,2010.0
268,0,0,5,2007,226000,2986.0
269,0,0,4,2006,144152,1800.0
270,0,0,7,2008,370000,4455.0
271,0,0,4,2010,149900,1666.0
272,0,0,5,2006,172785,2184.0
273,0,0,7,2007,129000,1728.0
274,0,0,1,2009,181000,2948.0
275,120,0,2,2006,148000,2428.0
276,0,0,4,2006,117250,1828.0
277,0,0,5,2009,192500,2928.0
278,0,0,7,2008,151000,2272.0
279,0,0,3,2007,112500,1764.0
280,126,0,5,2007,144000,2082.0
281,0,0,6,2008,370967,3600.0
282,0,0,6,2010,149900,2311.0
283,0,0,7,2009,195000,2491.0
284,0,0,7,2007,163900,1866.0
285,168,0,2,2007,182000,2712.0
286,0,0,7,2009,410000,4226.0
287,0,0,4,2009,152000,3177.0
288,0,0,4,2006,184000,2577.0
289,0,0,11,2008,206300,2688.0
290,0,0,3,2006,146500,3304.0
291,0,0,2,2010,108000,2169.0
292,0,0,9,2006,170000,2490.0
293,0,0,2,2008,145000,1696.0
294,0,0,8,2009,123000,2112.0
295,0,0,11,2008,173000,2582.0
296,0,0,5,2010,105900,1344.0
297,0,0,11,2009,91000,1450.0
298,0,0,10,2009,158000,2590.0
299,0,0,4,2009,190000,2592.0
300,0,0,8,2008,217500,2469.0
301,0,0,1,2008,165500,3106.0
302,0,0,7,2009,174500,2268.0
303,0,0,11,2008,100000,1620.0
304,0,12500,6,2010,172000,2658.0
305,0,0,9,2007,120000,1743.0
306,0,0,9,2009,82000,1562.0
307,0,0,10,2006,127000,2096.0
308,0,0,4,2008,129500,2793.0
309,0,0,8,2009,187500,2580.0
310,0,0,6,2008,300000,3564.0
311,0,0,6,2006,190000,2818.0
312,0,0,3,2007,96000,2313.0
313,0,0,10,2009,241000,2642.0
314,0,0,3,2007,143900,2836.0
315,0,0,12,2006,87550,1638.0
316,0,0,2,2010,319900,3504.0
317,0,0,7,2006,356383,3567.0
318,0,0,5,2009,239000,3600.0
319,0,0,7,2008,287500,3277.0
320,0,0,5,2007,128500,2102.0
321,0,0,4,2010,185088,2580.0
322,0,0,5,2009,229800,2804.0
323,0,0,12,2007,124500,1751.0
324,0,0,7,2006,142000,2102.0
325,0,0,6,2006,149000,2265.0
326,0,0,11,2008,135000,3312.0
327,0,0,2,2007,128000,2036.0
328,0,0,5,2007,430000,6428.0
329,0,0,6,2007,145000,2080.0
330,0,0,11,2007,139000,1911.0
331,147,0,1,2007,178000,2453.0
332,192,0,6,2008,460000,4410.0
333,0,0,7,2009,214500,2978.0
334,0,0,7,2006,160000,2614.0
335,0,0,6,2009,214000,3052.0
336,0,0,6,2009,128900,2279.0
337,0,0,3,2007,168000,2871.0
338,0,0,12,2007,310013,2835.0
339,0,0,10,2007,170000,2162.0
340,0,0,7,2006,133700,2080.0
341,53,0,8,2007,165000,2104.0
342,0,0,8,2008,89500,1470.0
343,0,0,3,2006,140000,1683.0
344,0,0,5,2006,134000,2679.0
345,224,3000,10,2006,248500,2567.0
346,0,0,5,2006,145000,1608.0
347,0,0,2,2006,179900,2265.0
348,0,0,2,2007,147000,3590.0
349,0,0,3,2010,136000,1898.0
350,0,0,3,2010,128000,1768.0
351,0,0,9,2009,88750,1264.0
352,0,0,6,2010,122500,1944.0
353,0,0,1,2010,97500,2370.0
354,0,0,10,2006,135000,2016.0
355,260,0,7,2007,314813,3650.0
356,0,0,10,2009,85000,2539.0
357,0,0,7,2009,134900,1874.0
358,0,0,3,2006,137000,2114.0
359,0,0,8,2008,350000,4222.0
360,0,0,9,2006,145000,2330.0
361,0,0,5,2007,418000,4462.0
362,0,0,6,2006,64000,1638.0
363,0,0,7,2009,159434,2313.0
364,0,0,7,2007,260261,3084.0
365,0,0,6,2010,166000,2295.0
366,0,0,10,2007,130000,1832.0
367,0,0,11,2006,112000,2112.0
368,0,0,12,2008,155000,2248.0
369,0,0,5,2010,269500,2742.0
370,0,0,11,2006,172000,2492.0
371,0,0,7,2007,219500,2540.0
372,0,0,10,2006,133500,1850.0
373,0,0,12,2007,170000,1814.0
374,0,0,4,2010,150000,2496.0
375,0,0,7,2008,130000,1934.0
376,0,0,3,2006,143000,2288.0
377,164,0,5,2008,140000,2228.0
378,0,0,2,2007,244000,4446.0
379,0,0,3,2007,101000,1641.0
380,0,4500,7,2006,125000,1920.0
381,0,0,4,2008,183000,2565.0
382,0,0,7,2009,104000,2984.0
383,0,0,6,2008,112500,1920.0
384,0,0,5,2006,207500,3372.0
385,0,0,3,2006,225000,3228.0
386,0,0,3,2006,119900,1728.0
387,0,0,9,2006,293000,3461.0
388,0,0,7,2006,180000,3182.0
389,0,0,5,2010,169900,2046.0
390,0,0,4,2010,112000,1902.0
391,0,0,5,2010,152000,2137.0
392,0,0,8,2006,300000,3296.0
393,0,0,3,2010,107000,2146.0
394,0,0,4,2010,122500,3067.0
395,0,0,7,2006,89000,1431.0
396,0,0,3,2010,95000,1519.0
397,0,0,9,2007,143450,2064.0
398,0,0,1,2010,376162,3924.0
399,143,0,4,2010,167500,2532.0
400,0,0,6,2009,153337,2310.0
401,0,0,7,2009,103600,2041.0
402,0,0,2,2010,128200,1788.0
403,0,0,6,2010,177500,2329.0
404,0,0,6,2010,320000,3921.0
405,0,0,6,2009,190000,2308.0
406,0,0,4,2006,91500,1890.0
407,0,0,11,2009,93000,2198.0
408,0,0,7,2008,40000,1966.0
409,0,0,3,2007,127000,2039.0
410,0,0,6,2010,50138,1708.0
411,0,0,5,2007,148000,2256.0
412,0,0,2,2008,120500,1518.0
413,0,0,7,2009,139500,2267.0
414,0,0,2,2009,320000,3396.0
415,0,0,4,2007,219000,3272.0
416,0,0,6,2006,131000,1766.0
417,0,0,3,2007,171925,2233.0
418,0,0,11,2008,177900,2732.0
419,0,0,4,2007,141500,2021.0
420,0,0,10,2009,191000,2588.0
421,0,0,5,2006,158000,2316.0
422,0,0,11,2007,248900,3284.0
423,0,0,6,2007,175000,2499.0
424,0,460,6,2006,185900,2752.0
425,0,0,10,2006,163000,2648.0
426,0,0,10,2006,115000,2056.0
427,0,0,12,2008,157500,2104.0
428,0,0,5,2009,245000,3489.0
429,0,0,10,2008,180000,2674.0
430,0,0,3,2007,148800,1653.0
431,0,0,3,2008,237000,3159.0
432,0,0,1,2009,60000,728.0
433,0,0,4,2008,165000,1489.0
434,0,0,8,2008,240000,3456.0
435,0,0,8,2007,160000,2355.0
436,0,0,7,2006,128000,2120.0
437,0,0,6,2008,82000,1152.0
438,342,0,7,2009,256000,3129.0
439,0,0,7,2009,143000,2132.0
440,0,0,4,2007,231713,3378.0
441,0,0,11,2007,155000,2524.0
442,0,0,4,2008,128500,1632.0
443,0,0,4,2008,168000,2652.0
444,0,0,6,2007,184000,2204.0
445,0,0,3,2006,124000,2050.0
446,0,0,2,2009,185000,2884.0
447,0,0,11,2006,230500,3342.0
448,0,0,5,2006,227000,2993.0
449,0,0,2,2009,173500,2214.0
450,0,0,8,2006,140000,1731.0
451,0,0,8,2008,247000,2920.0
452,0,0,6,2009,149900,1490.0
453,0,0,5,2008,158000,2038.0
454,0,0,6,2010,147110,1610.0
455,0,0,6,2006,119500,2156.0
456,0,0,2,2009,205000,2407.0
457,0,0,7,2007,148000,2270.0
458,0,0,3,2010,236500,3211.0
459,0,0,7,2006,137000,2609.0
460,0,0,2,2009,122000,1920.0
461,0,0,8,2007,176485,2604.0
462,0,0,7,2006,109000,1632.0
463,0,0,9,2007,330000,3004.0
464,0,0,12,2008,143000,1325.0
465,0,0,7,2007,410000,4486.0
466,0,0,7,2007,201000,2649.0
467,0,0,2,2006,80000,2837.0
468,0,0,7,2007,259500,3348.0
469,0,0,7,2007,279900,3608.0
470,0,0,5,2010,154000,2492.0
471,0,500,6,2007,277000,3588.0
472,0,0,3,2006,128000,1949.0
473,0,0,7,2009,256300,3166.0
474,0,0,11,2007,188000,2685.0
475,0,0,5,2006,312500,3600.0
476,0,0,6,2010,151000,1800.0
477,0,0,8,2007,122500,2130.0
478,0,0,7,2008,188000,2531.0
479,0,0,5,2006,209700,2754.0
480,0,0,1,2007,441929,4454.0
481,0,0,10,2008,163000,2566.0
482,0,0,7,2007,187500,2919.0
483,0,0,6,2009,220000,2975.0
484,0,0,3,2007,127000,2056.0
485,0,0,4,2010,107500,827.0
486,0,0,6,2008,128000,2226.0
487,0,0,6,2008,73000,1444.0
488,0,0,8,2006,374000,3584.0
489,0,0,1,2008,421250,4128.0
490,0,0,12,2009,178000,2401.0
491,0,0,4,2008,137500,2319.0
492,0,0,8,2008,301500,3973.0
493,0,0,3,2009,105000,1825.0
494,0,0,8,2006,157500,1952.0
495,0,0,9,2007,117000,2183.0
496,0,0,2,2006,105000,1728.0
497,0,0,3,2008,115000,2703.0
498,0,0,7,2009,360000,3472.0
499,0,0,6,2009,118858,1535.0
500,0,0,7,2008,173000,2432.0
501,0,0,11,2009,78500,1355.0
502,0,0,5,2007,183500,2560.0
503,0,0,2,2009,93000,1872.0
504,0,0,11,2007,226500,2995.0
505,0,0,5,2009,178000,2370.0
506,0,0,6,2007,226000,2932.0
507,0,0,4,2009,173000,2416.0
508,0,0,12,2009,62383,1728.0
509,0,0,11,2008,446261,4165.0
510,0,0,5,2006,160000,2103.0
511,0,0,5,2008,219990,2969.0
512,0,0,7,2008,191000,2947.0
513,150,0,8,2007,136500,1816.0
514,0,0,8,2007,80000,943.0
515,0,0,2,2006,229000,3387.0
516,0,0,6,2010,236000,2999.0
517,108,0,9,2007,392000,3648.0
518,0,0,8,2009,149000,2650.0
519,94,0,2,2008,345000,3363.0
520,0,0,6,2006,169000,2730.0
521,0,0,7,2007,109900,1726.0
522,0,0,11,2006,188000,2996.0
523,0,0,5,2009,132500,2192.0
524,92,0,10,2009,143000,1980.0
525,0,0,4,2007,125000,2684.0
526,156,0,6,2006,415000,3736.0
527,168,0,6,2010,125500,1985.0
528,0,0,4,2009,139000,2872.0
529,0,0,6,2009,451950,4018.0
530,0,0,8,2009,119900,3356.0
531,0,0,6,2009,220000,2563.0
532,0,0,3,2007,167300,3174.0
533,0,0,9,2009,122000,2018.0
534,0,0,11,2006,125000,3456.0
535,0,0,6,2008,112500,1856.0
536,0,0,10,2007,191000,2674.0
537,130,0,6,2008,136000,2160.0
538,0,0,3,2009,197900,2645.0
539,0,0,6,2006,117000,2120.0
540,0,0,7,2006,194000,2419.0
541,0,0,7,2008,285000,2620.0
542,0,0,9,2008,127500,1999.0
543,0,0,7,2006,268000,3390.0
544,0,0,5,2007,137000,2873.0
545,0,450,8,2008,215000,3240.0
546,0,0,8,2007,129500,2432.0
547,0,0,4,2006,115000,2240.0
548,0,0,5,2008,114000,1906.0
549,0,0,11,2006,107000,2112.0
550,0,0,10,2008,118500,2048.0
551,0,0,7,2008,120000,2020.0
552,0,0,12,2007,260000,3076.0
553,0,0,5,2010,136000,2286.0
554,0,0,6,2007,123000,1730.0
555,0,0,3,2008,89500,1725.0
556,0,0,1,2010,199500,2648.0
557,0,0,12,2008,109900,1780.0
558,145,0,6,2009,234000,3356.0
559,0,0,5,2006,155900,1696.0
560,0,0,11,2009,161500,2892.0
561,233,0,1,2009,137500,2163.0
562,0,0,6,2010,76500,3096.0
563,192,0,9,2007,211000,3211.0
564,0,0,8,2008,181000,2742.0
565,0,0,5,2008,174900,2292.0
566,0,0,5,2006,164500,2484.0
567,0,0,3,2010,214000,3052.0
568,0,0,3,2008,185000,2782.0
569,0,0,8,2008,123000,1840.0
570,0,0,1,2007,183500,2300.0
571,0,0,11,2007,174000,2217.0
572,0,0,3,2007,130000,2703.0
573,0,0,8,2006,178000,2369.0
574,0,0,3,2010,189900,2557.0
575,0,0,6,2009,144000,1696.0
576,0,0,6,2008,120500,1632.0
577,0,0,6,2009,145000,2194.0
578,0,0,8,2007,251000,3146.0
579,0,0,4,2010,136500,3536.0
580,0,0,7,2008,82500,1152.0
581,0,0,3,2009,57625,810.0
582,0,0,5,2009,212500,2708.0
583,0,0,5,2006,164000,2432.0
584,0,0,4,2006,139000,2605.0
585,0,0,3,2008,160000,1852.0
586,0,0,6,2009,149000,1711.0
587,0,600,11,2009,130000,1738.0
588,0,0,4,2010,140000,2286.0
589,0,0,10,2009,264500,3672.0
590,122,0,5,2006,141000,2184.0
591,0,0,11,2007,199900,2482.0
592,0,0,4,2009,167900,2684.0
593,0,0,6,2007,181900,2573.0
594,0,0,4,2010,262500,3132.0
595,156,0,11,2009,230000,3196.0
596,0,0,1,2008,328900,3407.0
597,0,0,1,2007,232698,3442.0
598,0,0,3,2009,221800,2508.0
599,0,0,6,2008,152400,1926.0
600,0,0,10,2009,213000,3260.0
601,0,0,3,2006,184900,2369.0
602,0,0,6,2006,157000,2501.0
603,0,0,3,2006,144000,2075.0
604,0,0,8,2007,192350,2612.0
605,0,0,10,2007,163500,2374.0
606,0,0,5,2008,262280,3804.0
607,0,0,12,2008,214000,3072.0
608,0,0,7,2006,230000,2884.0
609,0,0,8,2007,280000,3235.0
610,0,0,8,2007,140000,2146.0
611,0,0,6,2010,155000,2595.0
612,0,0,10,2006,64500,2040.0
613,0,0,5,2010,218000,2748.0
614,0,0,6,2007,160000,2004.0
615,0,0,11,2007,208900,2676.0
616,0,0,7,2008,284700,3820.0
617,0,0,3,2008,146000,2081.0
618,224,0,12,2008,245500,2548.0
619,0,0,4,2008,113000,2005.0
620,0,0,4,2009,296000,3564.0
621,0,0,7,2007,377426,3844.0
622,0,0,7,2009,337500,3418.0
623,0,0,2,2009,552000,4984.0
624,0,0,4,2006,97900,1560.0
625,0,0,9,2009,208300,2436.0
626,0,0,9,2008,213000,2730.0
627,0,0,7,2008,188000,2604.0
628,0,0,12,2006,162000,2457.0
629,0,0,6,2007,152000,2468.0
630,0,0,5,2010,254900,2938.0
631,0,2000,11,2008,189000,2489.0
632,0,0,8,2008,235000,4112.0
633,0,0,8,2008,125000,2328.0
634,0,0,6,2010,120000,1672.0
635,0,0,5,2006,81500,1600.0
636,0,0,5,2007,118500,1632.0
637,0,0,10,2009,370878,3532.0
638,0,0,8,2007,145000,3003.0
639,0,0,5,2008,311500,2752.0
640,0,0,11,2006,210250,2584.0
641,0,0,6,2006,200000,2777.0
642,0,0,8,2009,126000,1734.0
643,111,0,5,2009,114000,1444.0
644,0,0,6,2009,87500,2187.0
645,0,0,7,2007,349265,3690.0
646,0,0,1,2009,203000,3024.0
647,0,0,4,2009,189000,2888.0
648,0,0,3,2009,209000,2465.0
649,0,0,6,2009,160000,2924.0
650,0,0,8,2007,129000,2074.0
651,0,0,4,2006,170000,2778.0
652,0,0,3,2007,90350,1134.0
653,0,0,4,2008,79000,1668.0
654,0,0,7,2006,149900,1788.0
655,0,0,5,2008,123000,1728.0
656,0,0,5,2006,87000,2869.0
657,0,0,7,2008,171000,2214.0
658,0,0,4,2008,119000,2284.0
659,0,0,7,2009,132500,2296.0
660,0,0,6,2008,161000,2254.0
661,0,0,1,2008,274000,3304.0
662,0,0,5,2010,125000,1824.0
663,0,0,7,2007,98500,2390.0
664,0,0,7,2006,262000,3248.0
665,0,0,10,2009,134900,1828.0
666,0,0,7,2007,170000,2678.0
667,0,0,7,2007,135000,2147.0
668,196,0,6,2008,290000,3613.0
669,0,0,8,2007,173500,2504.0
670,0,0,8,2006,225000,2904.0
671,0,0,8,2007,140500,2051.0
672,0,0,4,2007,126000,1980.0
673,0,0,12,2008,170000,2546.0
674,0,0,7,2006,156000,1980.0
675,0,0,12,2006,207500,3084.0
676,0,0,11,2007,255000,2688.0
677,0,0,7,2008,94900,1450.0
678,225,0,3,2007,140000,2340.0
679,225,0,3,2006,96900,2114.0
680,0,0,11,2009,154000,2308.0
681,0,0,5,2007,184900,2497.0
682,0,0,6,2008,385000,4162.0
683,0,0,4,2006,106500,1902.0
684,0,0,9,2009,327000,4142.0
685,0,0,10,2009,468000,4948.0
686,0,0,8,2009,135000,2870.0
687,0,0,3,2006,142500,2282.0
688,0,0,6,2008,141000,2196.0
689,0,0,1,2008,107500,2464.0
690,0,0,7,2007,108500,1954.0
691,0,0,7,2006,150000,1956.0
692,0,0,4,2006,78000,1152.0
693,0,0,6,2008,235128,3160.0
694,0,0,6,2007,302000,3467.0
695,227,0,8,2008,163000,2422.0
696,0,0,4,2010,84900,640.0
697,0,0,6,2009,147000,2177.0
698,0,0,6,2009,155000,2736.0
699,90,0,7,2006,180000,2648.0
700,0,3500,7,2010,55000,1092.0
701,0,0,5,2007,187500,2014.0
702,0,0,10,2009,125000,2166.0
703,322,0,6,2006,250000,3074.0
704,0,0,9,2008,78000,1380.0
705,0,0,6,2008,118000,2422.0
706,0,0,12,2007,318000,3388.0
707,0,0,9,2006,215000,2688.0
708,0,0,6,2006,72000,1104.0
709,189,0,5,2008,180000,2716.0
710,0,0,11,2008,184000,3257.0
711,0,0,7,2009,124500,2082.0
712,0,0,3,2010,135000,3208.0
713,0,0,7,2008,164900,2653.0
714,0,0,7,2006,140000,2328.0
715,0,0,3,2009,128000,2082.0
716,0,0,5,2008,153000,1484.0
717,0,0,6,2008,127500,2405.0
718,0,0,9,2008,141500,1909.0
719,0,0,4,2010,325000,4085.0
720,0,0,7,2007,188500,3188.0
721,0,0,5,2006,185000,2524.0
722,0,0,6,2008,146000,2350.0
723,0,0,5,2009,119000,1912.0
724,0,0,5,2009,112000,1932.0
725,0,0,4,2006,197000,2494.0
726,0,0,8,2006,412083,4327.0
727,0,0,7,2008,271000,3257.0
728,0,0,3,2007,200000,2810.0
729,0,0,2,2007,174000,2552.0
730,0,0,11,2007,156500,2754.0
731,0,0,7,2007,204000,2628.0
732,0,0,6,2008,149350,2456.0
733,0,0,7,2006,137000,2016.0
734,0,0,7,2008,222500,3184.0
735,0,0,12,2007,166000,2256.0
736,0,0,5,2010,109500,1872.0
737,110,0,10,2009,122000,1383.0
738,0,0,7,2007,99900,1934.0
739,0,0,7,2007,249700,3312.0
740,0,0,8,2009,158500,2244.0
741,0,0,1,2006,139500,2284.0
742,0,0,10,2006,202000,2784.0
743,0,0,6,2006,145000,3338.0
744,0,0,1,2008,108959,2456.0
745,0,0,6,2010,160000,2434.0
746,0,0,12,2007,128600,3120.0
747,0,0,11,2007,197900,2728.0
748,0,0,7,2006,172000,2130.0
749,0,0,1,2007,130000,1783.0
750,0,0,12,2008,195000,3341.0
751,0,0,2,2008,113000,1976.0
752,0,0,5,2006,209000,2982.0
753,0,0,7,2009,213500,3124.0
754,255,0,10,2009,126000,1743.0
755,0,0,11,2009,127500,3125.0
756,0,0,7,2008,334000,3420.0
757,0,0,5,2008,157000,2506.0
758,0,0,12,2007,125500,1728.0
759,0,0,10,2008,189000,2184.0
760,0,0,6,2009,173000,2405.0
761,0,0,1,2006,260000,4394.0
762,0,0,4,2009,212000,2634.0
763,0,0,7,2006,148000,1784.0
764,0,0,5,2010,136300,2308.0
765,0,8300,8,2007,190000,3981.0
766,0,0,2,2008,139500,2424.0
767,0,0,8,2007,162000,1980.0
768,0,0,6,2007,100000,1855.0
769,0,0,10,2006,126500,1738.0
770,0,0,8,2007,301000,4232.0
771,0,0,5,2007,204750,2610.0
772,0,0,6,2009,90000,1040.0
773,0,0,4,2008,130000,3323.0
774,270,455,6,2006,155000,2670.0
775,0,0,6,2008,155000,2538.0
776,0,0,4,2010,131500,2078.0
777,0,0,3,2010,153000,2676.0
778,0,0,5,2010,306000,3408.0
779,0,0,6,2006,332200,3372.0
780,0,0,4,2008,293077,3284.0
781,0,0,7,2007,128000,1828.0
782,0,0,10,2007,152000,2765.0
783,0,0,12,2006,135000,1912.0
784,0,0,5,2007,117500,3218.0
785,0,0,7,2007,127500,2141.0
786,0,0,3,2007,373000,4958.0
787,0,0,3,2008,98000,1638.0
788,0,0,6,2010,203135,2075.0
789,0,0,7,2009,191000,2596.0
790,200,0,3,2008,98000,1014.0
791,0,0,3,2009,179000,2400.0
792,0,0,9,2009,245000,2854.0
793,0,0,6,2009,213250,3330.0
794,0,0,8,2008,89900,869.0
795,291,0,12,2009,185000,2550.0
796,0,0,2,2007,113500,1617.0
797,112,0,8,2006,68000,1430.0
798,0,0,4,2010,201000,3120.0
799,0,0,2,2008,226700,2634.0
800,0,0,8,2007,500067,4610.0
801,0,0,7,2006,201490,2446.0
802,0,0,8,2008,155000,1980.0
803,0,0,11,2009,145000,1882.0
804,0,0,6,2008,128000,1973.0
805,0,0,6,2007,187000,2605.0
806,0,0,4,2009,145500,1619.0
807,0,0,5,2009,75000,1144.0
808,0,0,6,2007,217000,3092.0
809,0,0,5,2010,220000,2682.0
810,147,0,11,2006,165150,2522.0
811,0,0,10,2008,147000,1966.0
812,0,0,6,2009,203000,3008.0
813,0,0,4,2010,165500,3098.0
814,0,0,9,2008,67000,1728.0
815,0,0,7,2007,187000,2673.0
816,0,0,8,2009,180000,2268.0
817,0,0,8,2007,146500,1949.0
818,116,0,1,2007,270000,3346.0
819,0,0,4,2010,147000,1932.0
820,0,0,5,2010,132000,2040.0
821,0,0,10,2009,105000,2214.0
822,0,0,3,2008,135900,2496.0
823,210,0,6,2010,538000,4929.0
824,0,0,10,2007,147000,2286.0
825,0,0,11,2009,325000,3304.0
826,0,0,9,2008,124000,2100.0
827,0,0,11,2006,137000,1870.0
828,0,0,6,2009,142900,3690.0
829,0,0,5,2008,147000,2046.0
830,0,0,3,2009,128000,2360.0
831,0,0,7,2006,144000,2505.0
832,0,0,4,2010,205000,2740.0
833,0,0,3,2009,167000,2972.0
834,0,0,8,2009,66500,1807.0
835,0,0,10,2006,315000,4085.0
836,0,0,7,2007,155835,2184.0
837,0,0,9,2009,239500,3321.0
838,0,0,2,2009,300000,3035.0
839,0,0,4,2007,282000,3844.0
840,0,0,6,2007,120000,2288.0
841,0,0,4,2008,241500,2748.0
842,0,0,11,2008,336860,3724.0
843,0,0,5,2006,91000,2084.0
844,0,0,7,2007,207500,3100.0
845,155,0,7,2008,250000,3240.0
846,0,0,3,2006,167240,2496.0
847,0,0,6,2008,178000,2480.0
848,0,0,2,2007,127000,2104.0
849,0,0,5,2010,218500,3658.0
850,0,0,4,2008,135750,1904.0
851,0,300,2,2010,214000,2960.0
852,0,0,9,2009,257000,3688.0
853,0,0,5,2008,157000,2322.0
854,0,0,8,2006,102000,1952.0
855,0,0,8,2009,163500,1840.0
856,0,0,6,2009,204000,2991.0
857,0,0,5,2009,103500,2710.0
858,0,0,3,2007,200000,4835.0
859,0,0,5,2007,118000,1728.0
860,0,0,9,2006,235000,3050.0
861,0,0,5,2006,132500,2296.0
862,0,0,3,2007,221300,3132.0
863,0,0,8,2009,190000,3000.0
864,0,0,7,2006,222000,2588.0
865,0,0,5,2010,335000,3804.0
866,0,0,9,2009,257500,3272.0
867,0,0,8,2008,264132,3004.0
868,0,0,6,2009,130000,1763.0
869,0,0,5,2009,137000,1951.0
870,0,0,5,2008,99500,1432.0
871,0,0,5,2010,160250,2692.0
872,0,0,5,2006,130000,2679.0
873,0,0,9,2007,75200,1632.0
874,0,700,8,2009,131250,1475.0
875,0,0,6,2008,148000,2162.0
876,0,0,5,2009,124100,2044.0
877,0,0,7,2008,178400,1943.0
878,0,0,8,2007,150000,2880.0
879,0,0,3,2007,217000,2606.0
880,0,0,1,2006,252000,3064.0
881,0,0,6,2009,152000,2282.0
882,0,0,7,2007,132000,1686.0
883,0,0,5,2006,120000,1952.0
884,0,0,5,2006,338500,3697.0
885,0,0,4,2010,105000,1561.0
886,0,0,8,2008,175000,2175.0
887,0,0,3,2008,192000,3182.0
888,0,0,9,2006,195000,2795.0
889,0,0,6,2009,210000,2358.0
890,0,0,7,2007,211000,2795.0
891,0,0,7,2009,128000,1996.0
892,0,0,7,2008,180500,2850.0
893,0,0,9,2007,90000,2999.0
894,192,0,10,2007,138500,1730.0
895,0,0,9,2006,169985,2230.0
896,162,0,7,2006,146000,2300.0
897,0,0,12,2008,228000,3177.0
898,0,0,5,2008,159000,2512.0
899,0,0,8,2006,266000,3034.0
900,0,0,8,2006,139000,2382.0
901,0,0,5,2008,91900,1568.0
902,0,0,6,2007,212999,2989.0
903,0,0,3,2006,326000,3683.0
904,0,0,7,2008,179000,2304.0
905,0,0,4,2008,294000,3055.0
906,0,0,7,2009,97000,1470.0
907,0,0,8,2006,239799,3353.0
908,0,0,6,2006,161000,2684.0
909,0,0,3,2008,136500,1696.0
910,0,0,5,2009,118000,1470.0
911,0,0,6,2007,129500,1690.0
912,144,0,10,2009,205000,2500.0
913,0,0,3,2007,200624,4550.0
914,0,0,6,2007,322400,3388.0
915,195,0,1,2009,293200,3180.0
916,0,0,7,2008,266000,3368.0
917,0,0,7,2009,172500,2601.0
918,0,0,9,2009,124900,2957.0
919,0,0,9,2009,149000,2454.0
920,0,0,5,2010,185500,2828.0
921,0,0,6,2006,220000,2706.0
922,0,0,6,2007,225000,2992.0
923,0,0,11,2007,124000,1864.0
924,0,0,6,2009,92900,1040.0
925,0,0,8,2009,126500,2144.0
926,0,0,4,2008,111250,1728.0
927,0,0,6,2007,248000,3254.0
928,0,0,5,2008,136870,2234.0
929,0,0,4,2006,133000,1696.0
930,192,0,6,2007,135000,2096.0
931,0,0,9,2008,111900,1872.0
932,0,0,10,2008,140000,2214.0
933,0,0,7,2008,134432,1588.0
934,174,0,10,2007,455000,3784.0
935,0,0,12,2006,290000,3691.0
936,0,0,3,2007,235500,2861.0
937,0,0,6,2006,156500,2196.0
938,0,0,1,2006,172400,2617.0
939,0,0,12,2008,182000,2856.0
940,0,0,3,2006,372397,3584.0
941,216,0,6,2008,260000,3891.0
942,0,0,9,2006,72000,1429.0
943,0,0,5,2008,82375,1880.0
944,0,0,8,2009,158000,2808.0
945,0,0,1,2008,127000,1957.0
946,266,0,6,2010,270000,2866.0
947,0,0,9,2009,316600,3628.0
948,163,0,5,2008,177000,2376.0
949,0,0,6,2009,271900,4354.0
950,0,0,6,2008,115000,1568.0
951,0,0,12,2008,122000,3042.0
952,0,0,8,2007,315000,3005.0
953,0,0,4,2007,213500,2736.0
954,0,0,6,2006,109500,1040.0
955,0,0,4,2008,115000,1578.0
956,0,0,5,2006,176400,2286.0
957,0,0,8,2009,185750,2978.0
958,0,0,12,2008,230000,2856.0
959,0,0,5,2010,90000,1920.0
960,0,0,1,2008,160000,11752.0
961,0,0,4,2007,129500,1536.0
962,142,0,5,2006,153000,2248.0
963,0,0,6,2009,173733,1836.0
964,0,0,6,2007,146000,2200.0
965,0,0,1,2010,172500,2338.0
966,0,0,9,2007,188000,2600.0
967,0,0,5,2007,181500,2524.0
968,0,0,4,2009,212000,2460.0
969,0,0,7,2006,188900,2802.0
970,0,0,4,2007,64500,1332.0
971,0,0,5,2010,230000,3098.0
972,100,0,7,2007,122000,2252.0
973,288,0,7,2006,133500,2010.0
974,480,1150,6,2008,256000,4302.0
975,0,0,5,2008,129500,2025.0
976,0,0,5,2010,318000,3956.0
977,0,0,7,2009,255900,3204.0
978,0,0,8,2009,143500,2316.0
979,0,0,2,2010,259000,3644.0
980,0,0,10,2007,217000,4068.0
981,0,0,5,2007,210000,2700.0
982,0,0,8,2009,148500,2004.0
983,0,0,3,2007,156932,2028.0
984,0,0,11,2008,145000,3456.0
985,0,0,5,2009,200000,2572.0
986,175,0,8,2007,450000,4040.0
987,0,0,3,2009,172500,2200.0
988,0,0,6,2008,240000,4136.0
989,0,0,12,2007,340000,4046.0
990,0,0,7,2009,201000,2932.0
991,0,0,1,2007,122000,1938.0
992,0,0,9,2007,213000,3193.0
993,0,0,4,2009,175000,3371.0
994,0,0,9,2007,195400,2416.0
995,0,0,4,2009,113500,2104.0
996,0,0,10,2006,140200,2549.0
997,0,0,11,2006,116000,1791.0
998,0,0,9,2006,359900,3676.0
999,0,0,12,2006,157500,2063.0
1000,142,0,11,2009,190000,3484.0
1001,0,0,10,2009,100000,2446.0
1002,0,700,3,2006,160000,2502.0
1003,0,0,4,2009,203000,2875.0
1004,0,0,6,2007,302000,4263.0
1005,0,0,5,2010,143000,1846.0
1006,0,0,5,2007,267000,3480.0
1007,0,0,4,2007,103000,1224.0
1008,0,0,3,2006,153500,2574.0
1009,0,0,1,2007,171000,3091.0
1010,0,0,5,2006,107000,2762.0
1011,0,0,8,2007,128500,1904.0
1012,0,0,4,2007,116000,1844.0
1013,0,0,5,2006,160000,2252.0
1014,144,0,8,2008,180000,2560.0
1015,0,0,10,2007,133000,1828.0
1016,0,0,11,2006,215000,2656.0
1017,224,0,11,2009,177500,2265.0
1018,0,0,1,2007,215000,3058.0
1019,0,0,2,2009,150000,2534.0
1020,0,0,5,2010,320000,4895.0
1021,152,0,2,2009,167000,3032.0
1022,0,0,6,2006,125000,1032.0
1023,0,0,12,2008,65000,2036.0
1024,0,0,10,2007,200141,2632.0
1025,0,0,9,2007,235876,3056.0
1026,0,0,12,2009,123000,2928.0
1027,0,0,6,2006,137500,2228.0
1028,0,0,8,2007,123600,1980.0
1029,0,0,12,2006,160000,2412.0
1030,0,0,11,2007,181000,2614.0
1031,0,0,6,2008,125000,1650.0
1032,0,0,5,2009,154000,2283.0
1033,0,0,3,2010,231000,2949.0
1034,0,0,7,2010,142000,2112.0
1035,410,0,6,2006,475000,4715.0
1036,153,0,2,2006,375000,3351.0
1037,0,0,4,2010,115000,1728.0
1038,0,0,10,2009,185000,2442.0
1039,0,0,8,2007,108500,1525.0
1040,0,0,7,2006,147400,1823.0
1041,0,0,9,2009,156000,2143.0
1042,0,0,4,2008,120000,2188.0
1043,0,0,5,2009,167000,1758.0
1044,0,0,5,2008,191000,2850.0
1045,0,0,3,2007,161500,1768.0
1046,0,0,6,2007,130000,2615.0
1047,192,0,7,2007,132500,1940.0
1048,0,0,6,2008,144000,1768.0
1049,0,0,2,2007,141000,2233.0
1050,0,0,10,2007,117000,1260.0
1051,0,0,6,2006,84500,1274.0
1052,0,0,3,2008,256000,3027.0
1053,0,0,7,2009,117500,1850.0
1054,0,0,6,2009,160000,2036.0
1055,0,0,12,2007,187000,2615.0
1056,0,0,1,2007,350000,3702.0
1057,0,0,6,2008,133000,2688.0
1058,0,0,8,2008,417500,4882.0
1059,0,0,5,2009,175900,2955.0
1060,0,0,7,2009,323262,3235.0
1061,0,0,10,2007,185000,2674.0
1062,0,0,7,2006,129800,1632.0
1063,0,0,5,2010,220000,3082.0
1064,120,0,7,2009,133000,2457.0
1065,0,0,8,2009,133500,2293.0
1066,0,0,3,2010,170000,4006.0
1067,0,0,7,2007,168000,2545.0
1068,0,0,6,2010,140750,2208.0
1069,0,0,8,2007,204000,3237.0
1070,0,0,5,2010,222500,2919.0
1071,0,0,5,2006,134500,1924.0
1072,0,0,7,2007,214000,2756.0
1073,271,0,5,2006,119900,1911.0
1074,0,0,9,2008,118000,2880.0
1075,0,0,4,2007,135000,2144.0
1076,220,0,6,2008,207000,2681.0
1077,0,0,6,2008,136500,2875.0
1078,0,0,8,2008,107900,1802.0
1079,0,0,3,2007,126000,2270.0
1080,0,0,5,2010,215000,2736.0
1081,0,0,8,2008,426000,4014.0
1082,0,0,7,2009,147000,2226.0
1083,0,0,10,2009,147500,2048.0
1084,0,0,5,2008,383000,3900.0
1085,0,0,6,2006,241500,3717.0
1086,0,400,1,2008,147500,1940.0
1087,0,0,7,2008,355000,3668.0
1088,0,0,5,2008,109500,1568.0
1089,0,0,10,2009,45000,612.0
1090,0,0,6,2010,244400,3435.0
1091,0,0,10,2009,167000,3060.0
1092,0,0,8,2007,200000,2589.0
1093,0,0,1,2006,80000,1709.0
1094,0,0,4,2006,115000,1728.0
1095,0,0,5,2008,139000,2392.0
1096,0,0,3,2006,149500,2072.0
1097,0,0,10,2009,108000,2265.0
1098,0,0,8,2008,106250,1294.0
1099,0,0,5,2007,194000,2480.0
1100,0,0,7,2006,129500,1976.0
1101,0,0,5,2007,126000,3120.0
1102,0,900,6,2009,120000,2446.0
1103,0,0,5,2010,213000,2957.0
1104,0,0,7,2006,190000,2452.0
1105,144,0,7,2006,183500,2329.0
1106,165,0,10,2007,172000,2376.0
1107,0,0,5,2009,100000,1632.0
1108,0,0,2,2008,218836,3128.0
1109,0,0,4,2008,163000,2394.0
1110,0,0,4,2007,206580,3035.0
1111,0,0,7,2006,163990,2184.0
1112,0,0,7,2006,116500,1726.0
1113,0,0,7,2008,188000,2560.0
1114,0,0,6,2007,175000,2073.0
1115,135,0,10,2007,182000,2345.0
1116,0,0,4,2007,103000,1810.0
1117,0,0,3,2007,466500,5266.0
1118,0,0,6,2009,149500,1976.0
1119,0,0,4,2007,142500,2116.0
1120,0,0,4,2007,136500,2712.0
1121,0,0,6,2006,137000,1950.0
1122,141,0,6,2008,226500,3363.0
1123,0,0,2,2010,171500,2641.0
1124,0,0,7,2006,132500,1865.0
1125,0,0,5,2006,87500,1040.0
1126,0,0,6,2008,223000,2647.0
1127,0,0,7,2008,174000,2856.0
1128,195,0,6,2006,142000,1768.0
1129,0,0,6,2006,232600,2978.0
1130,0,0,1,2006,181000,2349.0
1131,0,0,6,2006,151400,3463.0
1132,0,0,5,2007,250000,3260.0
1133,0,500,3,2010,196500,2694.0
1134,0,0,2,2007,185000,3273.0
1135,0,0,8,2009,113000,2432.0
1136,0,0,10,2007,392000,2838.0
1137,0,0,10,2006,127500,1925.0
1138,0,0,9,2007,177000,2329.0
1139,0,0,6,2007,265000,3601.0
1140,144,0,6,2007,312500,3582.0
1141,0,0,7,2008,325000,4012.0
1142,0,0,4,2009,275000,4028.0
1143,0,0,6,2007,290000,3723.0
1144,0,0,4,2010,169000,2702.0
1145,0,0,6,2006,89000,1232.0
1146,0,0,5,2010,180400,2254.0
1147,0,0,10,2009,284000,4835.0
1148,0,0,7,2007,114500,1824.0
1149,0,0,7,2006,212900,3104.0
1150,0,0,6,2009,187100,2843.0
1151,0,0,6,2007,176000,2187.0
1152,0,0,9,2007,215000,2976.0
1153,0,0,9,2008,185900,2352.0
1154,0,500,11,2009,120500,1728.0
1155,0,0,7,2006,192140,2570.0
1156,0,0,10,2008,130500,1632.0
1157,0,0,4,2009,98000,1529.0
1158,255,0,6,2008,475000,4547.0
1159,0,0,11,2007,67000,2038.0
1160,0,0,11,2007,325624,3743.0
1161,145,0,7,2007,245000,2818.0
1162,0,0,6,2008,159000,2228.0
1163,0,0,6,2007,156000,2146.0
1164,170,0,4,2009,555000,5496.0
1165,0,0,6,2008,162500,2464.0
1166,0,0,4,2006,224500,2784.0
1167,0,0,7,2008,133000,2976.0
1168,0,0,7,2006,180000,2292.0
1169,0,0,7,2008,134500,1690.0
1170,0,0,10,2006,438780,4355.0
1171,0,0,12,2008,165000,2530.0
1172,0,0,7,2009,100000,1784.0
1173,0,0,8,2009,176000,2658.0
1174,312,0,7,2006,170000,3542.0
1175,0,0,6,2009,174000,2928.0
1176,0,0,8,2008,127000,2004.0
1177,0,0,5,2008,185900,2482.0
1178,0,0,12,2009,91300,1076.0
1179,0,0,5,2006,200000,3382.0
1180,0,0,1,2007,143000,2886.0
1181,0,0,7,2006,172500,2972.0
1182,0,0,6,2007,110000,2176.0
1183,0,0,5,2009,140000,2402.0
1184,0,0,3,2007,176432,2628.0
1185,0,0,6,2008,179200,2572.0
1186,0,0,1,2007,203000,2548.0
1187,0,0,6,2007,248328,3378.0
1188,0,0,1,2009,316500,3282.0
1189,0,0,1,2008,125600,1649.0
1190,0,0,6,2008,110000,1968.0
1191,0,0,7,2007,108500,1920.0
1192,0,54,6,2010,55993,1584.0
1193,0,0,6,2010,129000,2660.0
1194,0,0,7,2006,176000,2249.0
1195,216,0,6,2009,154000,2760.0
1196,0,0,3,2008,180000,2512.0
1197,0,0,8,2007,134000,2284.0
1198,0,0,6,2007,243000,3360.0
1199,0,0,11,2007,270000,3245.0
1200,0,0,6,2007,134000,2164.0
1201,0,0,4,2009,260000,3993.0
1202,0,0,5,2007,168675,2229.0
1203,0,0,3,2007,160000,2086.0
1204,0,0,9,2008,95000,1764.0
1205,0,0,7,2009,173000,2126.0
1206,0,0,8,2006,187750,2594.0
1207,0,0,11,2008,215000,2884.0
1208,0,0,3,2008,120000,2146.0
1209,0,0,4,2007,249000,3000.0
1210,264,0,4,2006,164500,2668.0
1211,0,0,11,2006,230000,1295.0
1212,0,0,9,2007,140000,2016.0
1213,0,0,9,2009,118900,1464.0
1214,0,0,6,2009,239900,2936.0
1215,225,0,7,2006,146300,2138.0
1216,0,0,6,2008,124000,2080.0
1217,0,0,3,2007,130000,1924.0
1218,0,0,12,2007,179000,2698.0
1219,0,0,5,2009,180500,2866.0
1220,0,0,6,2010,80000,1494.0
1221,0,0,5,2009,287090,3151.0
1222,0,0,12,2008,97000,882.0
1223,0,0,5,2006,246990,2879.0
1224,0,0,3,2007,154204,2430.0
1225,0,6500,4,2008,186000,2624.0
1226,0,0,12,2008,111750,1932.0
1227,0,0,6,2010,500000,5542.0
1228,0,0,3,2008,177439,1984.0
1229,0,0,7,2009,335000,3288.0
1230,0,0,9,2008,205000,2767.0
1231,0,0,8,2007,212000,2633.0
1232,155,0,5,2010,246000,3240.0
1233,0,0,7,2008,181900,2520.0
1234,0,0,4,2010,130000,2242.0
1235,0,0,5,2007,132000,1696.0
1236,0,0,7,2007,220000,2737.0
1237,0,0,6,2009,236500,3541.0
1238,0,0,12,2009,263435,2767.0
1239,0,0,11,2008,141000,3241.0
1240,0,0,5,2008,213000,2833.0
1241,0,0,1,2010,179781,2428.0
1242,0,0,6,2008,234250,2684.0
1243,0,0,5,2008,287000,4463.0
1244,0,0,7,2009,257500,2874.0
1245,0,0,5,2007,102000,1946.0
1246,0,0,6,2007,139400,1745.0
1247,0,0,1,2006,105000,1886.0
1248,224,0,10,2007,268000,4434.0
1249,0,0,8,2006,274970,2898.0
1250,0,0,8,2009,180000,2440.0
1251,0,0,10,2008,161000,2067.0
1252,0,0,4,2010,84900,930.0
1253,0,0,4,2010,119000,1976.0
1254,0,0,6,2008,370000,3928.0
1255,0,0,7,2007,175900,2540.0
1256,0,0,6,2009,142953,2240.0
1257,217,0,5,2007,279700,2988.0
1258,0,0,3,2006,132000,2543.0
1259,0,0,5,2009,313000,3593.0
1260,0,0,9,2006,108000,1973.0
1261,0,0,7,2008,165400,2402.0
1262,0,0,8,2006,187000,2280.0
1263,0,0,7,2009,403000,4256.0
1264,0,0,6,2007,195000,2878.0
1265,168,0,5,2007,158500,2472.0
1266,0,0,11,2006,255000,3054.0
1267,0,0,4,2008,236500,3796.0
1268,0,0,11,2007,129250,1976.0
1269,161,0,3,2010,289000,3302.0
1270,0,0,11,2008,100000,1872.0
1271,0,0,1,2007,275000,3970.0
1272,0,0,6,2008,207000,2614.0
1273,0,0,10,2006,146000,2064.0
1274,0,0,7,2006,116000,1524.0
1275,0,0,2,2009,219500,3091.0
1276,0,0,11,2009,173000,2810.0
1277,0,0,4,2009,135000,2363.0
1278,0,0,6,2007,213000,2911.0
1279,0,0,10,2007,150000,2266.0
1280,0,0,2,2007,194201,2660.0
1281,0,0,5,2009,181000,2850.0
1282,0,500,4,2007,157900,2884.0
1283,0,0,9,2006,217000,2730.0
1284,0,0,5,2009,252000,3035.0
1285,0,0,9,2006,197000,2781.0
1286,0,0,9,2009,189500,2498.0
1287,0,0,7,2006,116000,1936.0
1288,0,0,6,2010,143000,2656.0
1289,0,0,5,2007,119000,1864.0
1290,0,0,4,2008,127500,2132.0
1291,0,0,2,2006,200825,2574.0
1292,0,0,2,2006,35000,996.0
1293,208,0,12,2008,292500,4260.0
1294,0,0,9,2008,106000,1470.0
1295,0,0,6,2010,85000,1416.0
1296,0,0,9,2009,286500,3424.0
1297,165,0,7,2010,127500,2138.0
1298,0,0,6,2007,210400,2670.0
1299,0,0,4,2008,274000,3036.0
1300,0,0,1,2008,264966,2700.0
1301,84,0,9,2007,50000,2255.0
1302,0,1200,6,2010,139000,2338.0
1303,182,0,2,2007,300000,3726.0
1304,0,0,7,2009,345000,4656.0
1305,0,0,6,2007,228000,3148.0
1306,0,0,10,2007,165500,1778.0
1307,0,0,9,2006,107000,2014.0
1308,224,0,8,2008,286000,3186.0
1309,0,0,11,2009,34900,1440.0
1310,0,0,11,2006,115000,1824.0
1311,0,0,5,2006,215000,2729.0
1312,0,400,6,2009,179900,2616.0
1313,140,0,6,2010,212000,2990.0
1314,0,0,1,2006,250000,3138.0
1315,0,0,8,2006,149000,2618.0
1316,0,0,6,2008,188000,2431.0
1317,0,0,10,2006,99800,1426.0
1318,0,0,7,2007,159500,3272.0
1319,0,0,6,2010,184500,1758.0
1320,0,0,11,2007,276000,4056.0
1321,0,0,7,2007,155000,2352.0
1322,0,0,3,2009,160000,2592.0
1323,0,0,7,2006,157500,2160.0
1324,0,0,2,2010,285000,3482.0
1325,0,0,9,2008,145900,3472.0
1326,0,0,2,2008,229000,2709.0
1327,0,0,4,2008,79000,2557.612195121951
1328,0,0,8,2007,128500,2432.0
1329,0,0,2,2006,286000,3020.0
1330,0,0,7,2009,189500,2553.0
1331,0,0,8,2009,102900,1210.0
1332,0,0,3,2010,128500,2600.0
1333,0,0,6,2007,156000,2944.0
1334,0,0,2,2007,281213,3576.0
1335,0,0,11,2008,242000,2654.0
1336,0,0,12,2009,157500,2956.0
1337,0,0,5,2006,196500,2520.0
1338,0,0,5,2006,193000,2850.0
1339,0,0,7,2007,132000,1994.0
1340,0,0,5,2006,139900,2140.0
1341,0,0,4,2010,148000,2388.0
1342,0,0,8,2007,281500,2713.0
1343,0,0,8,2007,342000,4662.0
1344,0,0,5,2006,148000,2338.0
1345,0,0,7,2008,140000,2642.0
1346,0,0,7,2006,150000,2061.0
1347,0,0,6,2008,279500,3189.0
1348,0,0,5,2007,140000,1619.0
1349,0,0,10,2006,145000,3328.0
1350,0,0,6,2010,184000,2742.0
1351,0,0,1,2010,206000,2452.0
1352,0,0,5,2007,85500,1638.0
1353,0,0,8,2008,188700,2375.0
1354,0,0,8,2009,200000,3098.0
1355,0,0,7,2009,162000,2115.0
1356,0,0,8,2008,108000,1344.0
1357,490,0,6,2009,213000,3242.0
1358,0,0,11,2007,318000,3468.0
1359,0,0,11,2009,106000,2987.0
1360,180,0,12,2006,235000,2681.0
1361,0,400,1,2010,128950,2175.0
1362,0,0,6,2008,163000,2724.0
1363,0,0,4,2007,126000,1890.0
1364,0,0,6,2008,200000,3444.0
1365,0,0,7,2007,144000,2398.0
1366,0,0,7,2007,141000,3600.0
1367,0,0,1,2007,322500,3971.0
1368,0,0,5,2010,224900,3310.0
1369,0,0,5,2009,223500,2900.0
1370,160,0,10,2009,112000,1632.0
1371,0,0,4,2008,187500,2530.0
1372,0,0,3,2009,61000,1587.0
1373,0,800,8,2009,110000,1880.0
1374,0,0,7,2008,52000,999.0
1375,0,0,6,2007,207000,2724.0
1376,0,0,11,2008,130000,2904.0
1377,0,500,10,2006,90000,1296.0
1378,0,0,7,2009,130000,1911.0
1379,0,0,6,2006,127000,1756.0
1380,0,0,3,2007,320000,3810.0
1381,0,0,6,2006,120000,2250.0
1382,0,0,4,2010,181000,2490.0
1383,0,0,5,2007,110000,1788.0
1384,0,0,10,2009,94550,2301.0
1385,0,0,8,2006,85500,1309.0
1386,0,0,7,2007,153500,1931.0
1387,0,0,6,2009,139600,1733.0
1388,0,0,3,2009,143000,3136.0
1389,0,0,3,2010,410000,5271.0
1390,0,0,4,2009,200000,2700.0
1391,0,0,6,2009,130000,1728.0
1392,0,0,7,2009,154400,2386.0
1393,0,0,7,2008,299800,3857.0
1394,0,0,3,2009,63000,1697.0
1395,0,0,6,2010,143000,2694.0
1396,0,0,2,2007,137500,1928.0
1397,0,0,7,2008,272000,4202.0
1398,0,0,7,2009,173000,2325.0
1399,0,0,4,2008,245000,3048.0
1400,0,0,8,2007,140000,1872.0
1401,168,0,10,2007,383970,3960.0
1402,0,0,10,2006,125000,2436.0
1403,0,0,3,2009,133000,1536.0
1404,0,0,12,2009,244600,2936.0
1405,0,450,6,2008,139000,1956.0
1406,0,0,6,2008,112900,2072.0
1407,0,0,1,2008,111000,2040.0
1408,192,0,6,2008,166000,2784.0
1409,198,0,6,2007,239000,2925.0
1410,0,0,11,2008,209200,2688.0
1411,180,0,2,2007,175000,2968.0
1412,0,0,6,2009,269500,3520.0
1413,0,0,5,2008,225000,3359.0
1414,0,0,12,2006,275000,3484.0
1415,0,0,4,2007,105000,2144.0
1416,0,0,6,2006,159950,2110.0
1417,0,0,8,2009,135000,2316.0
1418,0,0,11,2007,345474,4230.0
1419,0,0,6,2006,102000,2530.0
1420,0,0,2,2007,198000,3392.0
1421,0,0,4,2008,339750,3112.0
1422,0,500,4,2006,170000,2262.0
1423,0,0,2,2008,94000,1752.0
1424,0,0,8,2006,203160,2588.0
1425,0,0,3,2009,291000,3314.0
1426,0,0,12,2009,200000,3277.0
1427,0,0,10,2006,119000,3168.0
1428,0,0,1,2007,39300,334.0
1429,0,0,1,2008,55000,1592.0
1430,0,0,4,2008,205000,2764.0
1431,0,0,10,2006,108000,1617.0
1432,0,0,6,2007,143000,3264.0
1433,0,0,8,2009,197000,3906.0
1434,0,0,5,2008,205950,2478.0
1435,0,0,6,2007,175000,2445.0
1436,180,0,8,2007,301000,3102.0
1437,0,0,7,2009,230000,2628.0
1438,0,0,3,2006,171750,2810.0
1439,0,0,2,2008,120000,1958.0
1440,0,0,2,2006,110000,2065.0
1441,0,0,6,2010,144500,1737.0
1442,0,0,9,2007,155000,2347.0
1443,0,0,3,2006,125000,2400.0
1444,0,0,8,2009,156500,2250.0
1445,0,0,7,2006,151000,1718.0
1446,0,0,4,2009,135000,2210.0
1447,0,0,5,2006,79400,1638.0
1448,0,0,8,2009,213000,2716.0
1449,0,0,4,2010,202900,2875.0
1450,0,0,5,2007,211000,2590.0
1451,0,0,11,2008,130000,3600.0
1452,0,0,10,2009,137450,2584.0
1453,0,0,6,2009,150000,2901.0
1454,0,0,3,2008,95000,1727.0
1455,0,0,8,2008,179400,2245.0
1456,0,0,7,2007,212109,2313.0
1457,0,0,12,2006,98600,2470.0
1458,0,0,7,2007,216000,1734.0
1459,0,0,6,2006,300000,3394.0
1460,0,0,4,2010,328000,3566.0
1461,0,0,12,2007,139000,1481.0
1462,0,0,4,2006,164000,2000.0
1463,0,0,12,2007,123900,1561.0
1464,0,0,2,2010,116500,1716.0
1465,0,0,10,2007,177000,2742.0
1466,0,0,2,2007,99500,2123.0
1467,0,0,7,2006,174190,2652.0
1468,0,0,6,2006,151000,1800.0
1469,0,0,4,2010,143750,1696.0
1470,0,0,7,2009,131900,1592.0
1471,240,0,6,2007,157000,2148.0
1472,0,0,7,2009,147000,2016.0
1473,0,0,7,2009,188500,2148.0
1474,0,0,6,2006,185850,2728.0
1475,0,0,7,2006,126000,1968.0
1476,0,0,9,2009,118000,1728.0
1477,0,0,3,2007,319900,3224.0
1478,0,0,3,2006,142500,2006.0
1479,0,0,8,2009,129900,2400.0
1480,0,0,9,2006,202500,2736.0
1481,0,600,6,2006,131000,1640.0
1482,0,0,7,2008,185000,3676.0
1483,0,0,4,2009,138000,2311.0
1484,0,0,10,2006,114504,2052.0
1485,0,0,4,2010,113000,2222.0
1486,0,0,5,2010,125500,1950.0
1487,0,0,5,2007,165000,2000.0
1488,0,0,4,2006,79000,1980.0
1489,0,0,5,2010,152000,1836.0
1490,0,0,10,2006,159000,2668.0
1491,0,0,4,2008,141000,2200.0
1492,0,0,4,2006,167000,2496.0
1493,148,0,3,2010,132000,2288.0
1494,0,0,5,2007,179900,2352.0
1495,0,0,2,2010,122000,1782.0
1496,0,0,4,2009,127000,2090.0
1497,0,0,9,2006,190000,2906.0
1498,0,0,11,2007,158450,2872.0
1499,100,0,10,2009,175000,1984.0
1500,0,0,10,2009,377500,3492.0
1501,0,0,3,2010,138400,2464.0
1502,0,0,1,2006,260000,3468.0
1503,0,0,7,2007,440000,3952.0
1504,0,0,6,2009,178000,2424.0
1505,0,0,11,2006,138500,2104.0
1506,0,0,4,2007,132000,2114.0
1507,0,0,7,2006,149900,2609.0
1508,0,0,8,2008,108000,2340.0
1509,0,0,4,2008,110000,1848.0
1510,0,0,5,2009,124000,1790.0
1511,0,0,4,2007,103200,1764.0
1512,0,0,8,2007,194000,2704.0
1513,0,0,5,2007,108000,1896.0
1514,0,0,7,2009,122000,1728.0
1515,200,0,4,2006,148400,2130.0
1516,0,0,6,2009,60000,2552.0
1517,0,0,4,2008,226500,3228.0
1518,0,0,10,2006,35311,960.0
1519,0,0,10,2006,127500,1988.0
1520,0,0,4,2008,137500,1753.0
1521,0,0,11,2008,147000,2146.0
1522,0,0,9,2006,309000,3569.0
1523,0,0,7,2009,315000,4168.0
1524,0,0,12,2008,147000,1824.0
1525,0,0,10,2006,264561,3087.0
1526,0,0,2,2007,130000,1744.0
1527,0,0,6,2007,177000,2281.0
1528,0,0,7,2008,119000,1980.0
1529,0,0,5,2006,157000,2146.0
1530,0,0,7,2006,158000,2210.0
1531,0,0,8,2007,115000,2730.0
1532,0,0,3,2007,120750,1788.0
1533,0,0,1,2010,216000,2488.0
1534,0,0,1,2007,75000,1638.0
1535,0,0,7,2008,192000,2860.0
1536,180,0,7,2006,160500,2000.0
1537,0,0,8,2007,279500,2988.0
1538,64,0,5,2008,148000,2056.0
1539,0,600,7,2008,145000,1984.0
1540,0,0,11,2006,310000,3858.0
1541,0,0,6,2006,165000,2229.0
1542,0,0,7,2009,402000,4077.0
1543,0,0,7,2008,250000,2984.0
1544,0,0,4,2006,73000,1260.0
1545,0,0,9,2009,136000,2688.0
1546,0,0,3,2006,282500,3125.0
1547,0,0,5,2010,221500,3190.0
1548,0,0,6,2007,170000,3360.0
1549,0,0,5,2009,163000,2080.0
1550,0,0,11,2007,290000,3849.0
1551,0,0,5,2007,330000,3863.0
1552,0,0,7,2009,111000,1470.0
1553,0,0,8,2006,214000,2595.0
1554,0,0,5,2008,137500,2304.0
1555,0,0,6,2009,240900,2810.0
1556,0,0,6,2010,190000,2673.0
1557,0,0,9,2009,250000,3180.0
1558,180,0,7,2007,218000,2874.0
1559,0,0,8,2007,255000,3223.0
1560,0,0,8,2006,240000,3340.0
1561,0,0,6,2007,360000,4280.0
1562,0,0,10,2008,179900,2484.0
1563,0,0,3,2007,200500,4684.0
1564,0,0,5,2009,37900,1568.0
1565,0,0,1,2007,180500,2579.0
1566,0,0,10,2009,269500,3955.0
1567,0,0,10,2007,225000,2580.0
1568,0,0,5,2007,141000,1935.0
1569,0,0,6,2009,335000,3482.0
1570,0,0,6,2010,150000,2052.0
1571,0,0,11,2006,385000,3684.0
1572,189,0,10,2009,205000,2754.0
1573,0,0,2,2010,206000,2395.0
1574,0,0,11,2007,179600,2844.0
1575,0,0,4,2006,102000,2056.0
1576,0,0,3,2008,175000,2252.0
1577,0,400,6,2006,159000,2399.0
1578,0,0,5,2008,135000,2254.0
1579,0,0,10,2006,136900,2849.0
1580,0,0,6,2006,135000,2148.0
1581,180,0,7,2009,337000,3617.0
1582,222,0,8,2006,250000,3708.0
1583,0,0,6,2008,306000,3576.0
1584,0,0,3,2009,179000,2400.0
1585,0,0,2,2008,146000,2081.0
1586,0,0,5,2007,161000,3318.0
1587,0,0,2,2010,205000,3220.0
1588,0,0,7,2008,241500,2778.0
1589,0,0,4,2007,118500,2058.0
1590,0,0,7,2006,130000,2414.0
1591,0,0,5,2007,130000,1880.0
1592,0,0,7,2006,535000,4548.0
1593,0,0,10,2009,123000,1824.0
1594,0,0,6,2008,82000,1152.0
1595,0,0,3,2008,132000,2074.0
1596,0,0,12,2006,108480,2146.0
1597,0,0,7,2006,165000,2634.0
1598,0,0,6,2007,181000,2947.0
1599,0,0,7,2009,165000,2326.0
1600,0,0,4,2010,161000,2343.0
1601,0,0,9,2006,199000,3008.0
1602,0,0,2,2010,214900,2711.0
1603,0,0,10,2006,198600,2556.0
1604,0,0,7,2006,258000,3404.0
1605,0,0,10,2009,269500,3955.0
1606,0,0,4,2008,176000,2121.0
1607,0,0,10,2007,158000,2604.0
1608,0,0,3,2009,184100,1827.0
1609,0,0,9,2007,170000,2845.0
1610,0,1500,4,2009,208000,2554.0
1611,0,0,5,2009,140000,1696.0
1612,0,0,6,2009,230000,3244.0
1613,0,0,4,2008,188500,2674.0
1614,113,0,2,2006,194000,2618.0
1615,0,0,4,2008,133000,2208.0
1616,0,0,7,2009,140000,1814.0
1617,0,0,6,2008,207500,2434.0
1618,168,0,5,2009,256900,3572.0
1619,0,0,7,2007,109000,1769.0
1620,0,0,6,2009,113722,1513.0
1621,0,0,3,2009,237000,2996.0
1622,109,0,7,2007,142100,2106.0
1623,0,0,5,2006,149900,2471.0
1624,0,0,5,2009,404000,4040.0
1625,0,0,9,2006,277500,3886.0
1626,0,0,6,2010,178000,2473.0
1627,0,0,12,2009,254000,2648.0
1628,0,0,6,2010,12789,1510.0
1629,0,0,6,2007,176000,2490.0
1630,0,0,9,2006,342643,3845.0
1631,0,0,8,2007,125500,1778.0
1632,0,0,7,2008,150000,2990.0
1633,0,0,5,2007,261329,3158.0
1634,0,0,4,2008,141000,2160.0
1635,0,0,2,2007,153000,2752.0
1636,0,0,6,2007,172500,2516.0
1637,259,0,7,2007,153575,2094.0
1638,0,0,11,2007,124900,1838.0
1639,142,0,5,2007,415298,4242.0
1640,0,0,9,2009,119000,2452.0
1641,0,0,12,2007,227000,3176.0
1642,0,0,8,2008,145500,2106.0
1643,0,0,6,2006,61500,984.0
1644,0,0,3,2006,192100,3702.0
1645,0,0,2,2009,116000,2101.0
1646,0,0,6,2007,145000,1726.0
1647,0,0,7,2009,445000,4904.0
1648,288,0,9,2009,150500,2080.0
1649,0,0,4,2010,175900,2418.0
1650,0,0,4,2009,167900,2232.0
1651,0,0,11,2006,219210,2742.0
1652,0,400,5,2010,189000,2900.0
1653,95,0,5,2008,136500,2352.0
1654,0,0,6,2010,137900,1756.0
1655,0,0,6,2009,85000,2044.0
1656,0,0,10,2006,137900,4272.0
1657,0,0,5,2008,195500,2530.0
1658,0,0,5,2010,128000,2453.0
1659,0,0,7,2008,135000,1728.0
1660,0,0,9,2008,143195,2152.0
1661,0,600,8,2008,79500,1677.0
1662,0,0,7,2008,192500,2498.0
1663,0,0,3,2009,129500,2096.0
1664,0,0,5,2007,168000,2378.0
1665,0,0,4,2008,105000,2081.0
1666,0,0,3,2007,143250,1962.0
1667,0,0,6,2008,144000,2198.0
1668,0,0,5,2010,205000,3058.0
1669,0,0,4,2007,143000,1996.0
1670,0,0,9,2008,290000,2838.0
1671,0,0,3,2010,611657,4694.0
1672,0,0,11,2009,152000,2080.0
1673,144,0,1,2010,191500,2560.0
1674,0,0,10,2007,317000,3616.0
1675,126,0,7,2007,165250,1982.0
1676,161,0,4,2008,123000,2184.0
1677,0,0,6,2008,185000,2176.0
1678,0,0,3,2006,120000,2090.0
1679,0,400,11,2007,158500,2186.0
1680,0,0,12,2008,173000,2438.0
1681,0,0,3,2007,101800,1224.0
1682,0,0,4,2009,155000,1695.0
1683,112,0,12,2009,125000,2132.0
1684,0,0,5,2007,104500,968.0
1685,0,0,6,2009,350000,3686.0
1686,0,0,7,2006,93500,1040.0
1687,0,0,6,2008,193000,2663.0
1688,0,0,9,2008,191000,3143.0
1689,0,0,6,2006,110000,1626.0
1690,0,0,11,2009,261500,3171.0
1691,0,0,6,2009,128900,2100.0
1692,210,0,5,2006,584500,5233.0
1693,0,0,2,2007,111000,1812.0
1694,0,0,10,2007,90000,2066.0
1695,0,0,8,2007,129000,3401.0
1696,0,0,11,2008,224000,2936.0
1697,0,0,5,2008,165000,1800.0
1698,0,0,2,2010,122000,1986.0
1699,0,0,9,2007,267300,3110.0
1700,0,0,7,2009,485000,5066.0
1701,0,0,10,2006,220000,4081.0
1702,0,0,7,2008,215700,2635.0
1703,0,0,3,2009,280000,3672.0
1704,0,0,6,2008,284000,3178.0
1705,0,0,12,2007,84500,1260.0
1706,240,0,5,2010,192000,2790.0
1707,0,0,7,2006,105000,1506.0
1708,0,0,10,2006,216837,3696.0
1709,0,0,2,2008,141500,2792.0
1710,0,0,5,2008,130000,1788.0
1711,0,0,8,2009,124000,2080.0
1712,0,0,3,2007,150909,2687.0
1713,0,0,1,2006,139500,2016.0
1714,0,0,10,2007,79275,1728.0
1715,0,0,12,2007,265900,2960.0
1716,0,0,4,2008,91000,1558.0
1717,200,0,7,2009,185000,3056.0
1718,0,0,5,2006,141000,2300.0
1719,0,0,6,2007,260116,3734.0
1720,0,0,8,2009,113000,1344.0
1721,0,0,2,2008,225000,2912.0
1722,0,0,8,2009,113000,1586.0
1723,0,0,6,2010,125200,2104.0
1724,0,0,9,2007,319500,3018.0
1725,0,0,4,2008,140000,2471.0
1726,138,0,3,2006,250764,3282.0
1727,0,0,6,2008,250000,3036.0
1728,0,0,6,2007,176000,2304.0
1729,0,0,4,2007,174850,3052.0
1730,0,0,7,2009,147000,2352.0
1731,0,0,4,2010,99500,1836.0
1732,0,0,7,2009,398800,4055.0
1733,0,0,8,2007,175000,2600.0
1734,0,0,7,2008,109500,1650.0
1735,147,0,3,2007,163500,3314.0
1736,0,0,4,2006,100000,1576.0
1737,0,0,10,2006,334000,4160.0
1738,0,0,5,2010,137250,1728.0
1739,0,0,3,2006,320000,3854.0
1740,182,0,3,2010,162000,2350.0
1741,0,0,6,2010,222000,2948.0
1742,0,0,5,2009,178000,2040.0
1743,0,0,2,2010,119000,1592.0
1744,0,0,7,2007,169500,2676.0
1745,0,0,4,2009,236000,3208.0
1746,0,0,8,2008,294464,3244.0
1747,0,0,6,2008,206900,3064.0
1748,0,0,1,2010,233000,3040.0
1749,0,0,6,2006,108000,2064.0
1750,0,0,10,2008,165000,2150.0
1751,0,0,1,2007,134900,2080.0
1752,0,0,7,2007,113000,1768.0
1753,0,0,7,2007,147900,2194.0
1754,0,0,7,2009,99900,1728.0
1755,0,0,5,2008,143000,2311.0
1756,0,400,9,2006,114500,1992.0
1757,0,0,6,2006,129200,1853.0
1758,0,0,11,2008,392500,3252.0
1759,0,2500,5,2010,266500,3492.0
1760,0,0,2,2009,177500,1766.0
1761,0,0,4,2009,139500,2016.0
1762,0,0,7,2009,170000,2004.0
1763,161,0,7,2007,224500,2999.0
1764,0,0,6,2009,290000,3482.0
1765,184,0,6,2007,169500,2858.0
1766,180,0,4,2009,240000,3420.0
1767,175,0,10,2007,144000,2228.0
1768,0,0,6,2007,165000,2793.0
1769,0,0,2,2009,145000,2664.0
1770,0,0,6,2010,114000,2548.0
1771,0,0,7,2007,395000,3908.0
1772,0,0,12,2006,105500,1617.0
1773,0,0,5,2010,254900,2965.0
1774,0,0,11,2007,102000,2102.0
1775,0,0,6,2009,230000,2784.0
1776,0,0,5,2007,137500,2452.0
1777,0,0,7,2008,138000,2151.0
1778,0,600,9,2009,156500,1858.0
1779,0,0,7,2009,124500,1728.0
1780,276,0,11,2007,190000,2777.0
1781,0,0,3,2008,159895,2532.0
1782,0,0,5,2008,189000,3213.0
1783,0,0,4,2006,124000,1824.0
1784,95,0,5,2010,121500,2784.0
1785,0,0,1,2008,146000,3648.0
1786,0,4500,5,2008,235000,2751.0
1787,155,0,12,2006,300000,3240.0
1788,0,0,6,2006,90500,1638.0
1789,0,0,11,2008,142600,3456.0
1790,0,0,3,2009,227000,3146.0
1791,0,0,7,2009,205000,3400.0
1792,0,0,1,2007,246900,2682.0
1793,0,0,7,2008,89000,1534.0
1794,160,0,6,2010,64000,1864.0
1795,0,0,7,2006,170000,2452.0
1796,192,0,1,2009,582933,4556.0
1797,0,0,7,2006,110500,2206.0
1798,0,0,6,2007,110000,2358.0
1799,0,0,6,2009,118000,1396.0
1800,0,0,8,2008,284000,3044.0
1801,120,0,3,2008,171000,2574.0
1802,0,0,1,2009,193000,2647.0
1803,88,0,6,2007,135000,2268.0
1804,0,0,9,2006,167000,2454.0
1805,115,0,8,2006,105000,1440.0
1806,0,0,8,2006,214000,3176.0
1807,0,0,2,2006,279000,3334.0
1808,0,0,6,2006,184500,2550.0
1809,0,0,6,2007,120000,1832.0
1810,168,0,11,2009,171500,2546.0
1811,0,0,6,2007,164700,1875.0
1812,168,0,11,2006,209000,3427.0
1813,0,0,9,2006,225000,2913.0
1814,0,0,5,2006,81000,1842.0
1815,0,0,9,2006,336820,3340.0
1816,154,0,4,2007,277000,3219.0
1817,0,0,1,2007,117600,1788.0
1818,0,0,9,2009,140000,2524.0
1819,0,0,12,2008,395039,3517.0
1820,0,0,5,2007,181755,2264.0
1821,0,0,10,2006,186800,2800.0
1822,0,0,6,2009,177500,2884.0
1823,0,0,8,2007,64500,1624.0
1824,0,0,3,2010,260000,2976.0
1825,0,0,8,2007,185485,2532.0
1826,0,0,11,2009,105000,1590.0
1827,0,0,8,2007,187000,2383.0
1828,0,400,5,2006,202500,2829.0
1829,0,0,5,2007,245700,3228.0
1830,0,0,7,2007,128000,1896.0
1831,0,0,3,2006,275500,3128.0
1832,0,0,5,2009,225000,2961.0
1833,0,0,7,2009,138000,1711.0
1834,0,0,3,2010,88000,1617.0
1835,0,0,3,2007,380000,4796.0
1836,0,0,6,2008,256000,3320.0
1837,0,0,5,2010,134800,1800.0
1838,0,0,7,2009,121000,1790.0
1839,0,0,8,2007,227875,2635.0
1840,0,0,2,2010,245350,3388.0
1841,0,0,12,2006,93500,1872.0
1842,0,400,5,2010,83000,1293.0
1843,0,0,6,2007,240000,3533.0
1844,0,0,9,2007,113000,1765.0
1845,234,0,6,2009,155000,2430.0
1846,0,0,5,2008,142000,1824.0
1847,0,0,1,2009,119000,1788.0
1848,0,1300,7,2008,160000,2733.0
1849,0,0,4,2008,193000,2432.0
1850,144,0,9,2007,263000,3307.0
1851,0,0,7,2006,164990,2620.0
1852,0,0,10,2007,119000,1896.0
1853,0,0,6,2009,238500,2820.0
1854,0,0,12,2006,280000,3066.0
1855,0,0,2,2007,193800,3076.0
1856,0,0,6,2007,129900,2100.0
1857,0,0,2,2008,145000,1980.0
1858,0,0,8,2006,275000,3540.0
1859,0,0,12,2006,81400,1040.0
1860,0,0,9,2009,125000,2178.0
1861,0,0,11,2009,80000,1722.0
1862,0,0,5,2010,104000,2403.0
1863,0,0,3,2010,260400,3440.0
1864,0,0,3,2007,176000,2204.0
1865,0,0,2,2007,123000,2080.0
1866,0,0,6,2008,291000,3691.0
1867,0,0,5,2009,132000,1944.0
1868,0,0,7,2008,176000,2184.0
1869,0,0,7,2009,177625,2776.0
1870,0,0,3,2006,104900,2005.0
1871,0,0,6,2006,196000,2591.0
1872,0,0,5,2007,280000,3154.0
1873,0,700,5,2009,168500,1858.0
1874,0,0,2,2006,170000,2452.0
1875,0,0,6,2007,130000,2034.0
1876,0,0,1,2008,150000,2998.0
1877,0,0,6,2006,145000,2200.0
1878,0,0,7,2006,188000,3456.0
1879,0,0,8,2007,169000,2516.0
1880,0,0,4,2007,155000,2250.0
1881,0,0,7,2008,196000,2782.0
1882,0,0,7,2007,219500,2849.0
1883,0,0,2,2006,170440,2184.0
1884,0,0,7,2009,159500,2116.0
1885,0,17000,10,2007,183850,10190.0
1886,0,0,5,2008,174000,2986.0
1887,176,0,4,2007,167000,2554.0
1888,0,0,7,2009,148500,2311.0
1889,0,0,6,2009,147983,2228.0
1890,0,0,4,2009,120000,1843.0
1891,0,0,6,2007,157000,2180.0
1892,0,0,8,2006,91500,2266.0
1893,0,0,5,2008,85000,1592.0
1894,0,400,4,2007,140000,2428.0
1895,0,0,1,2007,127000,1910.0
1896,0,0,5,2008,207500,2592.0
1897,0,0,12,2006,415000,5508.0
1898,120,0,5,2009,193000,3122.0
1899,0,0,3,2009,174000,2183.0
1900,0,0,12,2009,152500,2226.0
1901,0,0,6,2008,183000,2438.0
1902,0,0,7,2007,136500,2560.0
1903,0,0,5,2008,231500,2755.0
1904,0,0,9,2006,123500,2128.0
1905,265,0,4,2008,135500,2209.0
1906,0,0,4,2007,133500,2004.0
1907,0,0,8,2008,124000,2288.0
1908,374,0,6,2006,280000,3010.0
1909,0,0,5,2010,333168,3992.0
1910,0,0,8,2009,270000,3291.0
1911,231,0,12,2009,128500,1928.0
1912,0,0,7,2006,172000,2796.0
1913,0,0,6,2006,130000,1592.0
1914,0,0,8,2009,196000,2612.0
1915,0,0,12,2007,87000,1523.0
1916,0,0,3,2007,128250,2345.0
1917,0,0,2,2010,210000,3615.0
1918,0,0,3,2007,220000,2845.0
1919,0,0,2,2010,128000,2134.0
1920,0,0,6,2007,135000,1854.0
1921,0,0,7,2008,228500,3369.0
1922,0,0,4,2010,134000,1740.0
1923,280,0,8,2006,157500,2032.0
1924,0,0,10,2009,263550,3405.0
1925,0,0,4,2007,182900,2880.0
1926,0,0,12,2009,222000,2560.0
1927,0,0,2,2008,146000,2184.0
1928,0,0,6,2007,153500,3118.0
1929,0,0,9,2006,315000,3960.0
1930,0,0,6,2008,315000,4100.0
1931,0,0,7,2008,257000,3202.0
1932,171,0,11,2008,173000,2400.0
1933,0,0,5,2006,169000,2320.0
1934,0,0,7,2009,382500,4400.0
1935,0,0,9,2008,230000,3572.0
1936,0,0,10,2009,153000,2594.0
1937,0,0,11,2009,123000,1927.0
1938,0,0,12,2009,207000,2926.0
1939,0,0,5,2008,295000,4963.0
1940,0,0,5,2007,149000,2188.0
1941,0,0,5,2010,216500,2820.0
1942,0,0,7,2007,112000,1616.0
1943,0,0,6,2007,134500,1886.0
1944,0,0,3,2008,187687,2392.0
1945,0,0,4,2010,68400,1826.0
1946,0,450,9,2009,143500,1902.0
1947,396,0,8,2009,275000,3162.0
1948,0,0,7,2006,171000,3866.0
1949,0,0,7,2009,244000,3046.0
1950,0,0,6,2010,130000,1738.0
1951,0,0,4,2007,253000,3370.0
1952,0,0,3,2006,52500,1386.0
1953,0,0,4,2010,185000,2016.0
1954,0,0,7,2009,167800,2235.0
1955,170,0,1,2009,274900,3426.0
1956,0,0,6,2009,187500,2844.0
1957,0,0,2,2009,253000,3084.0
1958,0,0,6,2008,105000,1514.0
1959,0,0,9,2009,174500,2784.0
1960,0,0,8,2006,210900,3114.0
1961,0,0,6,2010,127000,2287.0
1962,0,0,7,2008,207000,2716.0
1963,0,0,5,2009,154000,2882.0
1964,322,0,6,2007,591587,4998.0
1965,0,0,7,2006,180000,4811.0
1966,0,0,4,2009,124000,3168.0
1967,0,2500,2,2009,204000,2949.0
1968,0,0,8,2009,145000,2338.0
1969,204,0,4,2010,178900,3020.0
1970,0,0,6,2006,348000,3788.0
1971,0,0,3,2008,162500,2526.0
1972,0,0,5,2007,119900,1636.0
1973,0,0,6,2006,176500,2567.0
1974,0,0,1,2008,118000,2068.0
1975,0,0,4,2008,110000,1546.0
1976,0,0,6,2010,221000,3034.0
1977,0,0,5,2009,340000,3734.0
1978,0,0,10,2009,167500,2747.0
1979,0,0,6,2007,255000,3259.0
1980,0,0,8,2009,170000,1758.0
1981,0,0,5,2006,145000,1619.0
1982,0,0,6,2008,81000,1260.0
1983,190,0,5,2008,176500,2598.0
1984,0,0,8,2007,307000,3380.0
1985,0,0,2,2007,190550,2535.0
1986,0,0,8,2009,260000,3198.0
1987,0,0,4,2006,137500,2110.0
1988,0,0,1,2007,147000,2099.0
1989,0,400,3,2009,131400,2008.0
1990,0,0,7,2008,316000,3480.0
1991,0,0,4,2010,139000,2736.0
1992,0,0,4,2008,172500,1794.0
1993,0,0,7,2006,138887,2531.0
1994,90,0,7,2008,235000,3235.0
1995,0,0,8,2009,109500,1788.0
1996,210,0,10,2006,107000,2026.0
1997,0,0,2,2006,192500,2712.0
1998,0,0,6,2009,215000,3204.0
1999,0,0,11,2007,144100,2576.0
2000,0,450,10,2009,127500,1728.0
2001,0,0,12,2008,225000,3012.0
2002,0,0,1,2008,372402,3420.0
2003,176,0,9,2008,144000,1824.0
2004,0,0,9,2007,176500,2245.0
2005,0,0,5,2006,112000,1927.0
2006,0,0,11,2008,100000,1470.0
2007,0,0,8,2009,88000,1638.0
2008,0,0,6,2007,136905,3360.0
2009,0,0,3,2006,97500,1738.0
2010,0,0,10,2006,51689,729.0
2011,0,0,10,2008,142000,2504.0
2012,0,0,2,2007,250000,3126.0
2013,0,0,3,2010,243500,3775.0
2014,0,0,3,2009,184500,2612.0
2015,0,0,5,2007,210000,2932.0
2016,0,0,10,2009,129000,1824.0
2017,0,0,4,2010,82000,1020.0
2018,0,0,7,2008,181000,2530.0
2019,0,0,6,2007,167000,2304.0
2020,0,0,2,2006,173000,2630.0
2021,0,0,3,2006,195800,2395.0
2022,0,0,12,2006,223000,3688.0
2023,0,0,6,2008,192000,2734.0
2024,0,0,11,2007,197000,2264.0
2025,0,0,11,2006,298236,3443.0
2026,153,0,10,2007,238000,2569.0
2027,0,0,9,2006,119000,3112.0
2028,0,0,6,2006,262500,3724.0
2029,0,0,5,2009,425000,3956.0
2030,0,0,1,2010,102776,2037.0
2031,0,0,4,2010,149900,2156.0
2032,0,80,5,2010,190000,2528.0
2033,0,0,3,2010,162500,2382.0
2034,0,0,7,2006,217000,2973.0
2035,0,0,7,2006,137500,1880.0
2036,0,0,7,2009,270000,2695.0
2037,0,0,6,2006,142500,1758.0
2038,0,0,5,2007,161000,2084.0
2039,0,0,5,2007,93900,1638.0
2040,0,0,7,2006,225000,3591.0
2041,0,0,3,2008,412500,4240.0
2042,0,0,9,2006,83000,2278.0
2043,0,0,2,2007,128000,1832.0
2044,0,0,4,2008,182000,2363.0
2045,0,0,11,2008,394617,3864.0
2046,0,0,1,2008,298751,3612.0
2047,0,0,3,2009,82500,1722.0
2048,0,0,3,2009,177000,2809.0
2049,0,0,11,2009,144000,2400.0
2050,0,0,6,2010,189000,2798.0
